{
    "name": "moonlight-maps",
    "title": "Moonlight Maps, all of them",
    "description": "Full VTT pack of Moonlight maps made by Kyle",
    "author": "oddguy111",
    "authors": [],
    "url": "",
    "flags": {},
    "version": "1.0.0",
    "minimumCoreVersion": "0.8.4",
    "compatibleCoreVersion": "0.8.8",
    "scripts": [],
    "esmodules": [],
    "styles": [],
    "languages": [],
    "packs": [],
    "system": [],
    "dependencies": [{
            "name": "moonlight-maps-3flh82rdw3",
            "manifest": "https://www.dropbox.com/s/nn2db3flh82rdw3/module.json?dl=1"
        }, {
            "name": "moonlight-maps-p1kxsqtffk",
            "manifest": "https://www.dropbox.com/s/2wudhp1kxsqtffk/module.json?dl=1"
        }, {
            "name": "moonlight-maps-4tpkin5spn",
            "manifest": "https://www.dropbox.com/s/llfiy4tpkin5spn/module.json?dl=1"
        }, {
            "name": "moonlight-maps-kb96l6wncv",
            "manifest": "https://www.dropbox.com/s/w3sgpkb96l6wncv/module.json?dl=1"
        }, {
            "name": "moonlight-maps-17raahnrcp",
            "manifest": "https://www.dropbox.com/s/qnyy917raahnrcp/module.json?dl=1"
        }, {
            "name": "moonlight-maps-2bhc7ugwxt",
            "manifest": "https://www.dropbox.com/s/tq4nl2bhc7ugwxt/module.json?dl=1"
        }, {
            "name": "moonlight-maps-p1hlbrhgur",
            "manifest": "https://www.dropbox.com/s/135ghp1hlbrhgur/module.json?dl=1"
        }, {
            "name": "moonlight-maps-oraoi1yxoh",
            "manifest": "https://www.dropbox.com/s/bu2kforaoi1yxoh/module.json?dl=1"
        }, {
            "name": "moonlight-maps-73rohg3cln",
            "manifest": "https://www.dropbox.com/s/ywxpm73rohg3cln/module.json?dl=1"
        }, {
            "name": "moonlight-maps-skjc6kudat",
            "manifest": "https://www.dropbox.com/s/c4yieskjc6kudat/module.json?dl=1"
        }, {
            "name": "moonlight-maps-apqvqdp6sx",
            "manifest": "https://www.dropbox.com/s/4uf4iapqvqdp6sx/module.json?dl=1"
        }, {
            "name": "moonlight-maps-9dm5ifpr3e",
            "manifest": "https://www.dropbox.com/s/32poo9dm5ifpr3e/module.json?dl=1"
        }, {
            "name": "moonlight-maps-vefx4ievvr",
            "manifest": "https://www.dropbox.com/s/3lv50vefx4ievvr/module.json?dl=1"
        }, {
            "name": "moonlight-maps-xn3cujzi0l",
            "manifest": "https://www.dropbox.com/s/8emwbxn3cujzi0l/module.json?dl=1"
        }, {
            "name": "moonlight-maps-e56yydkkdy",
            "manifest": "https://www.dropbox.com/s/3f24he56yydkkdy/module.json?dl=1"
        }, {
            "name": "moonlight-maps-u0yvxezqdl",
            "manifest": "https://www.dropbox.com/s/21wflu0yvxezqdl/module.json?dl=1"
        }, {
            "name": "moonlight-maps-i6824yyziy",
            "manifest": "https://www.dropbox.com/s/dbc4xi6824yyziy/module.json?dl=1"
        }, {
            "name": "moonlight-maps-vn6v38av39",
            "manifest": "https://www.dropbox.com/s/oyi9bvn6v38av39/module.json?dl=1"
        }, {
            "name": "moonlight-maps-16kah90bk3",
            "manifest": "https://www.dropbox.com/s/8z47k16kah90bk3/module.json?dl=1"
        }, {
            "name": "moonlight-maps-ieqrkue76o",
            "manifest": "https://www.dropbox.com/s/yx59jieqrkue76o/module.json?dl=1"
        }, {
            "name": "moonlight-maps-tr9y22we5m",
            "manifest": "https://www.dropbox.com/s/6np8ktr9y22we5m/module.json?dl=1"
        }, {
            "name": "moonlight-maps-q0rieoie4g",
            "manifest": "https://www.dropbox.com/s/sk3v9q0rieoie4g/module.json?dl=1"
        }, {
            "name": "moonlight-maps-9asg6l7abi",
            "manifest": "https://www.dropbox.com/s/4r5oz9asg6l7abi/module.json?dl=1"
        }, {
            "name": "moonlight-maps-czvyrubybj",
            "manifest": "https://www.dropbox.com/s/tyoszczvyrubybj/module.json?dl=1"
        }, {
            "name": "moonlight-maps-3pdozdlv7b",
            "manifest": "https://www.dropbox.com/s/dm6x43pdozdlv7b/module.json?dl=1"
        }, {
            "name": "moonlight-maps-ft2ypjvp5j",
            "manifest": "https://www.dropbox.com/s/nkydcft2ypjvp5j/module.json?dl=1"
        }, {
            "name": "moonlight-maps-fhtoomega5",
            "manifest": "https://www.dropbox.com/s/ma7qdfhtoomega5/module.json?dl=1"
        }, {
            "name": "moonlight-maps-3gwg1ufygj",
            "manifest": "https://www.dropbox.com/s/kvyax3gwg1ufygj/module.json?dl=1"
        }, {
            "name": "moonlight-maps-hbtd3mt3uh",
            "manifest": "https://www.dropbox.com/s/6u1pghbtd3mt3uh/module.json?dl=1"
        }, {
            "name": "moonlight-maps-x282h76kj4",
            "manifest": "https://www.dropbox.com/s/e735ax282h76kj4/module.json?dl=1"
        }, {
            "name": "moonlight-maps-t7f5do7tfm",
            "manifest": "https://www.dropbox.com/s/f65rit7f5do7tfm/module.json?dl=1"
        }, {
            "name": "moonlight-maps-1sgnnxova8",
            "manifest": "https://www.dropbox.com/s/fox1r1sgnnxova8/module.json?dl=1"
        }, {
            "name": "moonlight-maps-2knsy62zip",
            "manifest": "https://www.dropbox.com/s/igucz2knsy62zip/module.json?dl=1"
        }, {
            "name": "moonlight-maps-jlidv1jw3b",
            "manifest": "https://www.dropbox.com/s/zaxn6jlidv1jw3b/module.json?dl=1"
        }, {
            "name": "moonlight-maps-ugfpr03x16",
            "manifest": "https://www.dropbox.com/s/vcmxkugfpr03x16/module.json?dl=1"
        }, {
            "name": "moonlight-maps-vdjb631z6j",
            "manifest": "https://www.dropbox.com/s/vwzudvdjb631z6j/module.json?dl=1"
        }, {
            "name": "moonlight-maps-rev3213t58",
            "manifest": "https://www.dropbox.com/s/a9elnrev3213t58/module.json?dl=1"
        }, {
            "name": "moonlight-maps-giw4uv89r9",
            "manifest": "https://www.dropbox.com/s/05hzsgiw4uv89r9/module.json?dl=1"
        }, {
            "name": "moonlight-maps-drio8x04wq",
            "manifest": "https://www.dropbox.com/s/v9t8tdrio8x04wq/module.json?dl=1"
        }, {
            "name": "moonlight-maps-rr51pmwvt",
            "manifest": "https://dl.dropbox.com/s/n6miamrr51pmwvt/module.json"
        }, {
            "name": "moonlight-maps-2k3urdirb",
            "manifest": "https://dl.dropbox.com/s/ivbvfy2k3urdirb/module.json"
        }, {
            "name": "moonlight-maps-xw3n6f9qq",
            "manifest": "https://dl.dropbox.com/s/tth46pxw3n6f9qq/module.json"
        }, {
            "name": "moonlight-maps-zb2td4ml5",
            "manifest": "https://dl.dropbox.com/s/xbkpuezb2td4ml5/module.json"
        }, {
            "name": "moonlight-maps-lxzil5v24",
            "manifest": "https://dl.dropbox.com/s/hdthcilxzil5v24/module.json"
        }, {
            "name": "moonlight-maps-5xd6bn3na",
            "manifest": "https://dl.dropbox.com/s/yu3j5j5xd6bn3na/module.json"
        }, {
            "name": "moonlight-maps-3mll6kt5f",
            "manifest": "https://dl.dropbox.com/s/q3by2q3mll6kt5f/module.json"
        }, {
            "name": "moonlight-maps-afpsr3fdl",
            "manifest": "https://dl.dropbox.com/s/syfx5jafpsr3fdl/module.json"
        }, {
            "name": "moonlight-maps-7r8izlbdf",
            "manifest": "https://dl.dropbox.com/s/h40z5h7r8izlbdf/module.json"
        }, {
            "name": "moonlight-maps-usu4tzlxw",
            "manifest": "https://dl.dropbox.com/s/fpavjqusu4tzlxw/module.json"
        }, {
            "name": "moonlight-maps-q9vkwclw0",
            "manifest": "https://dl.dropbox.com/s/xzi9geq9vkwclw0/module.json"
        }, {
            "name": "moonlight-maps-8ekp4im2r",
            "manifest": "https://dl.dropbox.com/s/d5s9g38ekp4im2r/module.json"
        }, {
            "name": "moonlight-maps-fjhynezst",
            "manifest": "https://dl.dropbox.com/s/7klhkcfjhynezst/module.json"
        }
    ]
}
